{"cameraMode":{"drawMode":0,"name":"Shaded","section":"Shading Mode"},"sceneLighting":false,"audioPlay":false,"sceneViewState":{"showFog":true,"showMaterialUpdate":false,"showSkybox":true,"showFlares":true,"showImageEffects":true,"showParticleSystems":true},"in2DMode":false,"pivot":{"x":-0.35199999809265139,"y":-1.1599088907241822,"z":-0.24199999868869782},"rotation":{"x":-0.06024631857872009,"y":-0.030841754749417306,"z":0.0018626407254487277,"w":-0.9977052807807922},"size":22.392087936401368,"orthographic":false}