{"cameraMode":{"drawMode":0,"name":"Shaded","section":"Shading Mode"},"sceneLighting":false,"audioPlay":false,"sceneViewState":{"showFog":true,"showMaterialUpdate":false,"showSkybox":true,"showFlares":true,"showImageEffects":true,"showParticleSystems":true},"in2DMode":false,"pivot":{"x":-0.5268735885620117,"y":6.615614891052246,"z":-0.017444610595703126},"rotation":{"x":-0.058134742081165317,"y":-0.06808514893054962,"z":0.07299262285232544,"w":0.9933102130889893},"size":15.811786651611329,"orthographic":false}