{"cameraMode":{"drawMode":0,"name":"Shaded","section":"Shading Mode"},"sceneLighting":false,"audioPlay":false,"sceneViewState":{"showFog":true,"showMaterialUpdate":false,"showSkybox":true,"showFlares":true,"showImageEffects":true,"showParticleSystems":true},"in2DMode":false,"pivot":{"x":-0.7929666638374329,"y":-1.205617904663086,"z":-0.07353664934635163},"rotation":{"x":-0.06024631857872009,"y":-0.030841754749417306,"z":0.0018626407254487277,"w":-0.9977052807807922},"size":1.8423123359680176,"orthographic":false}