{"cameraMode":{"drawMode":0,"name":"Shaded","section":"Shading Mode"},"sceneLighting":false,"audioPlay":false,"sceneViewState":{"showFog":true,"showMaterialUpdate":false,"showSkybox":true,"showFlares":true,"showImageEffects":true,"showParticleSystems":true},"in2DMode":false,"pivot":{"x":-0.02500009536743164,"y":-2.7839999198913576,"z":-0.5099999904632568},"rotation":{"x":-0.06024631857872009,"y":-0.030841754749417306,"z":0.0018626407254487277,"w":-0.9977052807807922},"size":21.560941696166993,"orthographic":false}