{"cameraMode":{"drawMode":0,"name":"Shaded","section":"Shading Mode"},"sceneLighting":false,"audioPlay":false,"sceneViewState":{"showFog":true,"showMaterialUpdate":false,"showSkybox":true,"showFlares":true,"showImageEffects":true,"showParticleSystems":true},"in2DMode":false,"pivot":{"x":-0.013000011444091797,"y":0.5899999737739563,"z":1.7020001411437989},"rotation":{"x":-0.058134742081165317,"y":-0.06808514893054962,"z":0.07299262285232544,"w":0.9933102130889893},"size":28.60082244873047,"orthographic":false}